bird_name,item_taxon,diet_percentage
Laysan Albatross,Cephalopoda [cephalopods],58.53076540000001
Laysan Albatross,Hydrozoa [hydrozoans],11.3857167
Laysan Albatross,Malacostraca [malacostracans],25.70308499999999
Laysan Albatross,Teleostei [teleost fishes],1.2783365000000002
Laysan Albatross,Unid. Unknown,1.1419806
Black-footed Albatross,Cephalopoda [cephalopods],16.1
Black-footed Albatross,Malacostraca [malacostracans],2.1500000000000004
Black-footed Albatross,Phaeophyceae [brown algae],3.8
Black-footed Albatross,Teleostei [teleost fishes],55.1
Black-footed Albatross,Unid. Chordata,15.250000000000002
Black-footed Albatross,Unid. Unknown,5.55
Northern Fulmar,Cephalopoda [cephalopods],17.433333333333334
Northern Fulmar,Malacostraca [malacostracans],38.900000000000006
Northern Fulmar,Teleostei [teleost fishes],30.06666666666667
Northern Fulmar,Unid. Animalia,10.955555555555556
Northern Fulmar,Unid. Arthropoda,7.755555555555556
Northern Fulmar,Unid. Chordata,6.222222222222221
Pink-footed Shearwater,Cephalopoda [cephalopods],89.60000000000001
Pink-footed Shearwater,Teleostei [teleost fishes],8.9
Pink-footed Shearwater,Unid. Chordata,1.6
Sooty Shearwater,Cephalopoda [cephalopods],18.56
Sooty Shearwater,Malacostraca [malacostracans],33.760000000000005
Sooty Shearwater,Teleostei [teleost fishes],42.260000000000005
Sooty Shearwater,Unid. Arthropoda,1.84
Sooty Shearwater,Unid. Chordata,2.04
Short-tailed Shearwater,Cephalopoda [cephalopods],16.1
Short-tailed Shearwater,Malacostraca [malacostracans],48.8
Short-tailed Shearwater,Unid. Animalia,29.4
Short-tailed Shearwater,Unid. Chordata,5.7
Manx Shearwater,Cephalopoda [cephalopods],100
Fork-tailed Storm-Petrel,Malacostraca [malacostracans],18.5727860375
Fork-tailed Storm-Petrel,Maxillopoda [maxillopods],12.9091823375
Fork-tailed Storm-Petrel,Teleostei [teleost fishes],64.849568975
Fork-tailed Storm-Petrel,Unid. Chordata,2.6875000000000004
Leach's Storm-Petrel,Hydrozoa [hydrozoans],29.2508854
Leach's Storm-Petrel,Malacostraca [malacostracans],38.78509703333334
Leach's Storm-Petrel,Teleostei [teleost fishes],18.333333333333336
Leach's Storm-Petrel,Unid. Animalia,1.6666666666666667
Leach's Storm-Petrel,Unid. Arthropoda,6.488454466666666
Leach's Storm-Petrel,Unid. Chordata,4.593285166666666
Brandt's Cormorant,Teleostei [teleost fishes],83.62758620689657
Brandt's Cormorant,Unid. Chordata,14.148275862068967
California Gull,Cephalopoda [cephalopods],38.9
California Gull,Teleostei [teleost fishes],8.35
California Gull,Unid. Animalia,2.8000000000000003
California Gull,Unid. Non-biological,50
Herring Gull,Malacostraca [malacostracans],5.25
Herring Gull,Teleostei [teleost fishes],22.75
Herring Gull,Unid. Animalia,66.5
Herring Gull,Unid. Unknown,4.25
Glaucous-winged Gull,Asteroidea [sea stars],5.1
Glaucous-winged Gull,Cephalopoda [cephalopods],21.66666666666667
Glaucous-winged Gull,Malacostraca [malacostracans],1.6666666666666667
Glaucous-winged Gull,Teleostei [teleost fishes],66.26666666666667
Glaucous-winged Gull,Unid. Arthropoda,1.6666666666666667
Glaucous-winged Gull,Unid. Chordata,4.1000000000000005
Black-legged Kittiwake,Malacostraca [malacostracans],6.2860000000000005
Black-legged Kittiwake,Teleostei [teleost fishes],71.66
Black-legged Kittiwake,Unid. Chordata,20.540000000000003
Arctic Tern,Malacostraca [malacostracans],6.2
Arctic Tern,Solenogastres,1.2
Arctic Tern,Teleostei [teleost fishes],77.75
Arctic Tern,Unid. Chordata,14.750000000000002
South Polar Skua,Aves [birds],13.5
South Polar Skua,Malacostraca [malacostracans],8.85
South Polar Skua,Unid. Animalia,4.7
South Polar Skua,Unid. Chordata,72.95
Common Murre,Cephalopoda [cephalopods],11.061111111111112
Common Murre,Malacostraca [malacostracans],10.13544182777778
Common Murre,Teleostei [teleost fishes],73.96108097222223
Common Murre,Unid. Chordata,2.55398995
Pigeon Guillemot,Malacostraca [malacostracans],16.333333333333332
Pigeon Guillemot,Unid. Chordata,71.33333333333333
Ancient Murrelet,Malacostraca [malacostracans],28.250000000000004
Ancient Murrelet,Teleostei [teleost fishes],27
Ancient Murrelet,Unid. Chordata,44.25
Cassin's Auklet,Malacostraca [malacostracans],32.64125
Cassin's Auklet,Maxillopoda [maxillopods],39.626875000000005
Cassin's Auklet,Unid. Animalia,11.2
Cassin's Auklet,Unid. Chordata,16.013125
Rhinoceros Auklet,Cephalopoda [cephalopods],18.45
Rhinoceros Auklet,Teleostei [teleost fishes],75.7
Rhinoceros Auklet,Unid. Chordata,4.275
Tufted Puffin,Cephalopoda [cephalopods],5.5625
Tufted Puffin,Polychaeta [polychaete worms],3.5875
Tufted Puffin,Teleostei [teleost fishes],87.67500000000001
Tufted Puffin,Unid. Chordata,2.125
Greater White-fronted Goose,Magnoliopsida [dicots],97.61428571428571
Greater White-fronted Goose,Unid. Tracheophyta,2.198571428571429
Snow Goose,Magnoliopsida [dicots],80.11181818181818
Snow Goose,Polypodiopsida [ferns],3.692727272727273
Snow Goose,Unid. Tracheophyta,16.189090909090908
Brant,Magnoliopsida [dicots],24.761666666666667
Brant,Ulvophyceae [sea lettuces and single-celled algae],16.666666666666668
Brant,Unid. Chlorophyta,41.905
Brant,Unid. Tracheophyta,16.666666666666668
Canada Goose,Magnoliopsida [dicots],69.16363636363637
Canada Goose,Unid. Tracheophyta,29.935454545454544
Trumpeter Swan,Bryopsida [true mosses],32
Trumpeter Swan,Magnoliopsida [dicots],67
Tundra Swan,Cyanophyceae,23.200000000000003
Tundra Swan,Magnoliopsida [dicots],59.9
Tundra Swan,Unid. Arthropoda,1.3
Tundra Swan,Unid. Tracheophyta,15.6
Wood Duck,Insecta [insects],8.321
Wood Duck,Magnoliopsida [dicots],45.69799999999999
Wood Duck,Malacostraca [malacostracans],1.002
Wood Duck,Unid. Animalia,9.333000000000002
Wood Duck,Unid. Tracheophyta,34.7
Gadwall,Branchiopoda [branchiopods],3.233750000000001
Gadwall,Chlorophyceae [chlorophycean green algae],3.15875
Gadwall,Insecta [insects],2.29375
Gadwall,Magnoliopsida [dicots],35.0325
Gadwall,Unid. Animalia,4.032500000000001
Gadwall,Unid. Plantae,4
Gadwall,Unid. Tracheophyta,46.6125
Eurasian Wigeon,Charophyceae,1.2133333333333334
Eurasian Wigeon,Magnoliopsida [dicots],40.61333333333334
Eurasian Wigeon,Ulvophyceae [sea lettuces and single-celled algae],1.4400000000000002
Eurasian Wigeon,Unid. Tracheophyta,56.73333333333333
American Wigeon,Insecta [insects],5.0815
American Wigeon,Magnoliopsida [dicots],52.0985
American Wigeon,Unid. Animalia,4.2515
American Wigeon,Unid. Plantae,2.992
American Wigeon,Unid. Tracheophyta,33.032000000000004
Mallard,Gastropoda [gastropods],3.986666666666667
Mallard,Insecta [insects],8.131111111111112
Mallard,Magnoliopsida [dicots],42.29333333333333
Mallard,Unid. Animalia,4.417777777777777
Mallard,Unid. Annelida,4.732222222222223
Mallard,Unid. Arthropoda,3.424444444444445
Mallard,Unid. Mollusca,1.1111111111111112
Mallard,Unid. Tracheophyta,31.21222222222222
Blue-winged Teal,Branchiopoda [branchiopods],1.86
Blue-winged Teal,Charophyceae,8.960909090909091
Blue-winged Teal,Gastropoda [gastropods],10.540909090909093
Blue-winged Teal,Insecta [insects],14.385454545454548
Blue-winged Teal,Magnoliopsida [dicots],22.639999999999997
Blue-winged Teal,Unid. Animalia,11.553636363636365
Blue-winged Teal,Unid. Arthropoda,1.3663636363636362
Blue-winged Teal,Unid. Tracheophyta,26.098181818181818
Cinnamon Teal,Branchiopoda [branchiopods],2.17625
Cinnamon Teal,Gastropoda [gastropods],3.1375
Cinnamon Teal,Insecta [insects],20.06875
Cinnamon Teal,Magnoliopsida [dicots],22.08875
Cinnamon Teal,Unid. Animalia,9.905
Cinnamon Teal,Unid. Tracheophyta,42.19875
Northern Shoveler,Branchiopoda [branchiopods],12.147777777777778
Northern Shoveler,Charophyceae,2.8344444444444443
Northern Shoveler,Gastropoda [gastropods],16.894444444444442
Northern Shoveler,Granuloreticulosea,1.8144444444444443
Northern Shoveler,Insecta [insects],8.487777777777778
Northern Shoveler,Magnoliopsida [dicots],6.459999999999999
Northern Shoveler,Maxillopoda [maxillopods],1.7000000000000002
Northern Shoveler,Ostracoda [ostracods],2.8344444444444443
Northern Shoveler,Unid. Animalia,19.224444444444444
Northern Shoveler,Unid. Tracheophyta,25.90000000000001
Northern Pintail,Bivalvia [bivalves],2.152
Northern Pintail,Gastropoda [gastropods],1.075
Northern Pintail,Insecta [insects],3.784
Northern Pintail,Magnoliopsida [dicots],45.795
Northern Pintail,Unid. Animalia,11.196999999999996
Northern Pintail,Unid. Tracheophyta,35.482
Green-winged Teal,Gastropoda [gastropods],1.6536363636363631
Green-winged Teal,Insecta [insects],3.3445454545454543
Green-winged Teal,Magnoliopsida [dicots],42.85727272727272
Green-winged Teal,Malacostraca [malacostracans],5.454545454545455
Green-winged Teal,Ostracoda [ostracods],1.2963636363636364
Green-winged Teal,Unid. Animalia,4.369090909090909
Green-winged Teal,Unid. Plantae,3.5909090909090904
Green-winged Teal,Unid. Tracheophyta,35.57272727272727
Canvasback,Bivalvia [bivalves],19.396
Canvasback,Gastropoda [gastropods],4.712
Canvasback,Insecta [insects],8.064
Canvasback,Magnoliopsida [dicots],39.58133333333333
Canvasback,Unid. Animalia,5.566666666666666
Canvasback,Unid. Tracheophyta,22.413999999999994
Redhead,Charophyceae,8.148
Redhead,Gastropoda [gastropods],1.112
Redhead,Insecta [insects],16.775333333333336
Redhead,Magnoliopsida [dicots],35.138000000000005
Redhead,Unid. Animalia,5.566666666666666
Redhead,Unid. Tracheophyta,32.086
Ring-necked Duck,Bivalvia [bivalves],1.6191666666666666
Ring-necked Duck,Charophyceae,3.355
Ring-necked Duck,Gastropoda [gastropods],5.366666666666666
Ring-necked Duck,Insecta [insects],14.395833333333334
Ring-necked Duck,Magnoliopsida [dicots],43.19166666666666
Ring-necked Duck,Polychaeta [polychaete worms],2.245
Ring-necked Duck,Unid. Animalia,10.6075
Ring-necked Duck,Unid. Tracheophyta,26.617500000000003
Greater Scaup,Bivalvia [bivalves],12.93214285714286
Greater Scaup,Charophyceae,1.7292857142857143
Greater Scaup,Gastropoda [gastropods],25.28857142857143
Greater Scaup,Magnoliopsida [dicots],10.302857142857144
Greater Scaup,Ulvophyceae [sea lettuces and single-celled algae],3.085714285714286
Greater Scaup,Unid. Animalia,17.57857142857143
Greater Scaup,Unid. Arthropoda,1.7492857142857143
Greater Scaup,Unid. Mollusca,1.87
Greater Scaup,Unid. Plantae,4.508571428571428
Greater Scaup,Unid. Tracheophyta,19.486428571428576
Lesser Scaup,Bivalvia [bivalves],6.854545454545455
Lesser Scaup,Clitellata [clitellates],1.8454545454545452
Lesser Scaup,Gastropoda [gastropods],8.187272727272727
Lesser Scaup,Insecta [insects],21.84545454545454
Lesser Scaup,Magnoliopsida [dicots],7.22
Lesser Scaup,Malacostraca [malacostracans],11.79
Lesser Scaup,Ostracoda [ostracods],1.62
Lesser Scaup,Teleostei [teleost fishes],1.1181818181818182
Lesser Scaup,Unid. Animalia,14.909090909090908
Lesser Scaup,Unid. Tracheophyta,23.40909090909091
Harlequin Duck,Bivalvia [bivalves],5.131428571428572
Harlequin Duck,Gastropoda [gastropods],31.85428571428571
Harlequin Duck,Insecta [insects],2.0228571428571427
Harlequin Duck,Malacostraca [malacostracans],19.145714285714288
Harlequin Duck,Polyplacophora [chitons],11.421428571428567
Harlequin Duck,Teleostei [teleost fishes],10.31
Harlequin Duck,Ulvophyceae [sea lettuces and single-celled algae],5.6571428571428575
Harlequin Duck,Unid. Animalia,5.171428571428571
Harlequin Duck,Unid. Chordata,3.187142857142857
Harlequin Duck,Unid. Non-biological,3.128571428571429
Surf Scoter,Bivalvia [bivalves],38.57111111111111
Surf Scoter,Gastropoda [gastropods],1.09
Surf Scoter,Insecta [insects],1.0677777777777775
Surf Scoter,Maxillopoda [maxillopods],1.482222222222222
Surf Scoter,Teleostei [teleost fishes],1.5222222222222224
Surf Scoter,Unid. Animalia,41.336666666666666
Surf Scoter,Unid. Arthropoda,1.182222222222222
Surf Scoter,Unid. Mollusca,4.311111111111112
Surf Scoter,Unid. Tracheophyta,8.028888888888888
White-winged Scoter,Bivalvia [bivalves],16.90875
White-winged Scoter,Gastropoda [gastropods],2.73625
White-winged Scoter,Malacostraca [malacostracans],24.69625
White-winged Scoter,Maxillopoda [maxillopods],2.14125
White-winged Scoter,Unid. Animalia,46.55125
White-winged Scoter,Unid. Tracheophyta,5.47
Black Scoter,Unid. Animalia,94
Black Scoter,Unid. Tracheophyta,6
Long-tailed Duck,Bivalvia [bivalves],17.9925
Long-tailed Duck,Gastropoda [gastropods],12.945
Long-tailed Duck,Malacostraca [malacostracans],52.68625
Long-tailed Duck,Unid. Animalia,12.5
Long-tailed Duck,Unid. Chordata,3.875000000000001
Bufflehead,Bivalvia [bivalves],9.06076923076923
Bufflehead,Gastropoda [gastropods],5.993076923076923
Bufflehead,Insecta [insects],21.67538461538462
Bufflehead,Magnoliopsida [dicots],9.77
Bufflehead,Malacostraca [malacostracans],13.044615384615383
Bufflehead,Unid. Animalia,26.502307692307696
Bufflehead,Unid. Arthropoda,2.602307692307692
Bufflehead,Unid. Chordata,2.620769230769231
Bufflehead,Unid. Tracheophyta,8.344615384615384
Common Goldeneye,Bivalvia [bivalves],2.2220000000000004
Common Goldeneye,Gastropoda [gastropods],1.422
Common Goldeneye,Insecta [insects],23.288
Common Goldeneye,Malacostraca [malacostracans],13.214
Common Goldeneye,Teleostei [teleost fishes],11.296
Common Goldeneye,Unid. Animalia,22.532666666666668
Common Goldeneye,Unid. Arthropoda,6.160666666666667
Common Goldeneye,Unid. Mollusca,4.418666666666667
Common Goldeneye,Unid. Tracheophyta,14.288000000000002
Barrow's Goldeneye,Bivalvia [bivalves],5.785652173913042
Barrow's Goldeneye,Gastropoda [gastropods],3.5595652173913046
Barrow's Goldeneye,Insecta [insects],42.51260869565217
Barrow's Goldeneye,Malacostraca [malacostracans],9.891304347826084
Barrow's Goldeneye,Teleostei [teleost fishes],5.913043478260869
Barrow's Goldeneye,Unid. Animalia,15.252173913043482
Barrow's Goldeneye,Unid. Plantae,1.1917391304347826
Barrow's Goldeneye,Unid. Tracheophyta,14.368260869565216
Hooded Merganser,Amphibia [amphibians],1.2
Hooded Merganser,Insecta [insects],2.6
Hooded Merganser,Malacostraca [malacostracans],6.85
Hooded Merganser,Teleostei [teleost fishes],73.032
Hooded Merganser,Unid. Arthropoda,2
Hooded Merganser,Unid. Chordata,13.322
Common Merganser,Malacostraca [malacostracans],1.465
Common Merganser,Teleostei [teleost fishes],96.33833333333337
Common Merganser,Unid. Chordata,1.9966666666666664
Red-breasted Merganser,Teleostei [teleost fishes],99.85
Ruddy Duck,Insecta [insects],49.57272727272728
Ruddy Duck,Magnoliopsida [dicots],4.536363636363636
Ruddy Duck,Malacostraca [malacostracans],1.181818181818182
Ruddy Duck,Unid. Animalia,14.8
Ruddy Duck,Unid. Annelida,2.1818181818181817
Ruddy Duck,Unid. Tracheophyta,27.090909090909086
Ring-necked Pheasant,Gastropoda [gastropods],1.072151515151515
Ring-necked Pheasant,Insecta [insects],3.1520173333333337
Ring-necked Pheasant,Magnoliopsida [dicots],74.01801293939394
Ring-necked Pheasant,Unid. Animalia,1.377212121212121
Ring-necked Pheasant,Unid. Tracheophyta,20.409333333333336
Ruffed Grouse,Magnoliopsida [dicots],74.87904761904763
Ruffed Grouse,Polypodiopsida [ferns],2.1904761904761902
Ruffed Grouse,Unid. Tracheophyta,12.984523809523813
Ruffed Grouse,Unid. Unknown,1.3619047619047615
Wild Turkey,Insecta [insects],1.943125
Wild Turkey,Magnoliopsida [dicots],66.3675
Wild Turkey,Pinopsida [conifers],8.0175
Wild Turkey,Unid. Animalia,6.87284375
Wild Turkey,Unid. Tracheophyta,16.601874999999996
Mountain Quail,Magnoliopsida [dicots],18.408
Mountain Quail,Unid. Animalia,3.6000000000000005
Mountain Quail,Unid. Tracheophyta,76.4
California Quail,Insecta [insects],3.628601362962963
California Quail,Magnoliopsida [dicots],69.53850974444445
California Quail,Unid. Non-biological,9.22777777777778
California Quail,Unid. Tracheophyta,16.403703703703705
Red-throated Loon,Teleostei [teleost fishes],100
Pied-billed Grebe,Insecta [insects],3.7037037
Pied-billed Grebe,Malacostraca [malacostracans],46.2962963
Pied-billed Grebe,Teleostei [teleost fishes],49.99999999999999
Horned Grebe,Branchiopoda [branchiopods],5.029999999999999
Horned Grebe,Cephalocarida,1.77
Horned Grebe,Insecta [insects],60.905
Horned Grebe,Polychaeta [polychaete worms],2.3
Horned Grebe,Teleostei [teleost fishes],27.279999999999998
Horned Grebe,Unid. Unknown,1.0699999999999998
Red-necked Grebe,Insecta [insects],28.110000000000003
Red-necked Grebe,Teleostei [teleost fishes],71.51428571428572
Eared Grebe,Branchiopoda [branchiopods],85.94999999999999
Eared Grebe,Insecta [insects],12.2
Eared Grebe,Magnoliopsida [dicots],1.2
Western Grebe,Chromadorea,3
Western Grebe,Gastropoda [gastropods],1
Western Grebe,Insecta [insects],11.000000000000002
Western Grebe,Teleostei [teleost fishes],81.5
Western Grebe,Unid. Non-biological,6
Western Grebe,Unid. Tracheophyta,4
Brown Pelican,Teleostei [teleost fishes],99.59999999999998
Double-crested Cormorant,Malacostraca [malacostracans],3.185443786982248
Double-crested Cormorant,Teleostei [teleost fishes],93.3729585798816
Double-crested Cormorant,Unid. Animalia,2.2958579881656807
Pelagic Cormorant,Malacostraca [malacostracans],9.7
Pelagic Cormorant,Teleostei [teleost fishes],68.85
Pelagic Cormorant,Unid. Chordata,21.45
Great Blue Heron,Gastropoda [gastropods],1.37
Great Blue Heron,Malacostraca [malacostracans],32.5
Great Blue Heron,Teleostei [teleost fishes],65.25
Great Egret,Insecta [insects],14.700000000000005
Great Egret,Malacostraca [malacostracans],5.816666666666666
Great Egret,Teleostei [teleost fishes],75.11666666666666
Great Egret,Unid. Animalia,1.7666666666666668
Great Egret,Unid. Arthropoda,1.4166666666666667
Green Heron,Insecta [insects],70.82000000000001
Green Heron,Malacostraca [malacostracans],14.71
Green Heron,Reptilia [reptiles],1.15
Green Heron,Teleostei [teleost fishes],9.52
Green Heron,Unid. Animalia,2.37
Turkey Vulture,Aves [birds],7.197728371428572
Turkey Vulture,Insecta [insects],1.9317784285714288
Turkey Vulture,Mammalia [mammals],78.1769436
Turkey Vulture,Reptilia [reptiles],8.782616614285716
Turkey Vulture,Unid. Animalia,1.1095238142857142
Osprey,Teleostei [teleost fishes],86.39999998888888
Osprey,Unid. Chordata,13.422222222222222
White-tailed Kite,Mammalia [mammals],98.8349835
Bald Eagle,Aves [birds],29.89926351351351
Bald Eagle,Mammalia [mammals],11.052419932432429
Bald Eagle,Teleostei [teleost fishes],53.944027481081086
Bald Eagle,Unid. Chordata,3.408634548648649
Northern Harrier,Amphibia [amphibians],1
Northern Harrier,Aves [birds],29.101744090909087
Northern Harrier,Insecta [insects],5.106060636363637
Northern Harrier,Mammalia [mammals],59.03948053636364
Northern Harrier,Reptilia [reptiles],1.6636363636363638
Northern Harrier,Unid. Animalia,1.9522563727272728
Northern Harrier,Unid. Chordata,1.9277305454545453
Sharp-shinned Hawk,Aves [birds],89.75429361666669
Sharp-shinned Hawk,Mammalia [mammals],3.7322410666666666
Sharp-shinned Hawk,Unid. Animalia,6.25555555
Cooper's Hawk,Aves [birds],71.44172066956524
Cooper's Hawk,Mammalia [mammals],23.36539155652174
Cooper's Hawk,Reptilia [reptiles],2.4140813913043475
Cooper's Hawk,Unid. Animalia,2.019538378260869
Northern Goshawk,Aves [birds],71.85965617000001
Northern Goshawk,Mammalia [mammals],27.313543880000005
Red-tailed Hawk,Aves [birds],17.006903506060606
Red-tailed Hawk,Mammalia [mammals],73.84812696363637
Red-tailed Hawk,Reptilia [reptiles],4.499842136363636
Red-tailed Hawk,Unid. Animalia,1.9730463393939397
Red-tailed Hawk,Unid. Chordata,1.4600902636363635
Rough-legged Hawk,Aves [birds],9.020867688888892
Rough-legged Hawk,Mammalia [mammals],85.30098449999998
Rough-legged Hawk,Reptilia [reptiles],1.0213338333333335
Rough-legged Hawk,Unid. Animalia,4.267724866666666
Golden Eagle,Aves [birds],14.809307426086953
Golden Eagle,Mammalia [mammals],85.07597729999999
American Kestrel,Aves [birds],13.535275233333335
American Kestrel,Insecta [insects],26.71151564761905
American Kestrel,Mammalia [mammals],34.605307580952385
American Kestrel,Reptilia [reptiles],2.891508195238095
American Kestrel,Unid. Animalia,19.14813327142857
American Kestrel,Unid. Arthropoda,1.8583042857142853
Merlin,Aves [birds],90.35478333333334
Merlin,Mammalia [mammals],1.2868150444444444
Merlin,Unid. Animalia,8.233333333333333
Gyrfalcon,Aves [birds],76.224873
Gyrfalcon,Mammalia [mammals],23.775123
Peregrine Falcon,Aves [birds],93.83927936428572
Peregrine Falcon,Mammalia [mammals],4.5107206571428575
Peregrine Falcon,Unid. Animalia,1.4142857142857144
Virginia Rail,Clitellata [clitellates],1.85
Virginia Rail,Gastropoda [gastropods],2.2
Virginia Rail,Insecta [insects],36.2
Virginia Rail,Magnoliopsida [dicots],29.375
Virginia Rail,Malacostraca [malacostracans],29.75
Virginia Rail,Teleostei [teleost fishes],1
Sora,Gastropoda [gastropods],1.813636363636364
Sora,Insecta [insects],13.940909090909091
Sora,Magnoliopsida [dicots],45.28181818181818
Sora,Unid. Animalia,16.636363636363633
Sora,Unid. Tracheophyta,21.31818181818182
American Coot,Charophyceae,8.272727272727273
American Coot,Gastropoda [gastropods],2.3181818181818183
American Coot,Insecta [insects],11.609090909090908
American Coot,Magnoliopsida [dicots],40.904545454545456
American Coot,Ulvophyceae [sea lettuces and single-celled algae],1
American Coot,Unid. Animalia,6.00909090909091
American Coot,Unid. Tracheophyta,30.454545454545453
Sandhill Crane,Clitellata [clitellates],17.607142857142858
Sandhill Crane,Gastropoda [gastropods],4.196428571428571
Sandhill Crane,Insecta [insects],7.5392857142857155
Sandhill Crane,Magnoliopsida [dicots],62.58571428571428
Sandhill Crane,Unid. Plantae,6.964285714285714
Killdeer,Gastropoda [gastropods],9.51
Killdeer,Insecta [insects],72.18
Killdeer,Magnoliopsida [dicots],1.98
Killdeer,Unid. Animalia,16.33
Spotted Sandpiper,Insecta [insects],19.66
Spotted Sandpiper,Malacostraca [malacostracans],80.12
Lesser Yellowlegs,Insecta [insects],57.49999999999999
Lesser Yellowlegs,Malacostraca [malacostracans],42.5
Red Knot,Insecta [insects],3.7000000000000006
Red Knot,Magnoliopsida [dicots],3.8
Red Knot,Malacostraca [malacostracans],1.725
Red Knot,Unid. Animalia,68.525
Red Knot,Unid. Mollusca,14.75
Red Knot,Unid. Tracheophyta,7.5
Semipalmated Sandpiper,Gastropoda [gastropods],5.2
Semipalmated Sandpiper,Insecta [insects],31.932
Semipalmated Sandpiper,Unid. Animalia,60.1
Semipalmated Sandpiper,Unid. Tracheophyta,2.4000000000000004
Least Sandpiper,Insecta [insects],100
Pectoral Sandpiper,Insecta [insects],65.9
Pectoral Sandpiper,Magnoliopsida [dicots],10.5
Pectoral Sandpiper,Malacostraca [malacostracans],22.3
Sharp-tailed Sandpiper,Insecta [insects],61.5
Sharp-tailed Sandpiper,Magnoliopsida [dicots],3.9
Sharp-tailed Sandpiper,Malacostraca [malacostracans],18.1
Sharp-tailed Sandpiper,Unid. Mollusca,14.2
Stilt Sandpiper,Gastropoda [gastropods],7.1
Stilt Sandpiper,Insecta [insects],63
Stilt Sandpiper,Magnoliopsida [dicots],29.9
Short-billed Dowitcher,Insecta [insects],5.380000000000001
Short-billed Dowitcher,Magnoliopsida [dicots],2.42
Short-billed Dowitcher,Malacostraca [malacostracans],1.22
Short-billed Dowitcher,Unid. Animalia,80.14000000000001
Short-billed Dowitcher,Unid. Mollusca,4
Short-billed Dowitcher,Unid. Tracheophyta,6.8
Long-billed Dowitcher,Insecta [insects],70.89999999999999
Long-billed Dowitcher,Magnoliopsida [dicots],14.000000000000002
Long-billed Dowitcher,Malacostraca [malacostracans],7.7
Long-billed Dowitcher,Unid. Animalia,3.2
Long-billed Dowitcher,Unid. Mollusca,3.9
Wilson's Snipe,Clitellata [clitellates],1.8833333333333333
Wilson's Snipe,Insecta [insects],14.1
Wilson's Snipe,Magnoliopsida [dicots],12.8
Wilson's Snipe,Malacostraca [malacostracans],1.95
Wilson's Snipe,Unid. Animalia,57.21666666666666
Wilson's Snipe,Unid. Mollusca,1.1166666666666667
Wilson's Snipe,Unid. Tracheophyta,10.5
Franklin's Gull,Insecta [insects],43.4
Franklin's Gull,Magnoliopsida [dicots],5.5
Franklin's Gull,Unid. Animalia,51.1
Bonaparte's Gull,Insecta [insects],50.8
Bonaparte's Gull,Malacostraca [malacostracans],32.300000000000004
Bonaparte's Gull,Polychaeta [polychaete worms],9.5
Bonaparte's Gull,Teleostei [teleost fishes],6.1000000000000005
Heermann's Gull,Cephalopoda [cephalopods],32.6
Heermann's Gull,Polychaeta [polychaete worms],4.7
Heermann's Gull,Teleostei [teleost fishes],58.10000000000001
Heermann's Gull,Unid. Chordata,4.7
Common Tern,Teleostei [teleost fishes],100
Marbled Murrelet,Cephalopoda [cephalopods],8.353333333333333
Marbled Murrelet,Malacostraca [malacostracans],10.33
Marbled Murrelet,Teleostei [teleost fishes],80.05999999999999
Rock Pigeon,Magnoliopsida [dicots],99.5
Band-tailed Pigeon,Magnoliopsida [dicots],92.025
Band-tailed Pigeon,Pinopsida [conifers],4.4
Band-tailed Pigeon,Unid. Tracheophyta,1.125
Mourning Dove,Magnoliopsida [dicots],100.99666666666666
Barn Owl,Aves [birds],1.5830675215686285
Barn Owl,Mammalia [mammals],97.7194462127451
Western Screech-Owl,Aves [birds],10.81625
Western Screech-Owl,Euchelicerata,3.0000000000000004
Western Screech-Owl,Insecta [insects],18.33625
Western Screech-Owl,Mammalia [mammals],66.095
Western Screech-Owl,Unid. Animalia,1.0137500000000002
Great Horned Owl,Aves [birds],12.24948419469026
Great Horned Owl,Insecta [insects],1.2055031876106197
Great Horned Owl,Mammalia [mammals],84.32729434070797
Snowy Owl,Aves [birds],30.048366011111117
Snowy Owl,Mammalia [mammals],69.9294116888889
Northern Pygmy-Owl,Aves [birds],33.722806
Northern Pygmy-Owl,Mammalia [mammals],45.57719266666667
Northern Pygmy-Owl,Unid. Animalia,20.466666666666665
Spotted Owl,Aves [birds],3.605882352941175
Spotted Owl,Insecta [insects],4.336834735294118
Spotted Owl,Mammalia [mammals],88.71827735294121
Spotted Owl,Unid. Animalia,1.968347323529412
Spotted Owl,Unid. Arthropoda,1.241176470588235
Barred Owl,Amphibia [amphibians],6.654391627272728
Barred Owl,Aves [birds],12.657614545454548
Barred Owl,Insecta [insects],1.9297272727272727
Barred Owl,Malacostraca [malacostracans],2.1703671
Barred Owl,Mammalia [mammals],70.24083493636364
Barred Owl,Reptilia [reptiles],1.1069577363636365
Barred Owl,Teleostei [teleost fishes],3.418924245454545
Barred Owl,Unid. Animalia,1.4363636363636365
Short-eared Owl,Aves [birds],7.256175592647061
Short-eared Owl,Mammalia [mammals],91.68058637794115
Northern Saw-whet Owl,Aves [birds],1.3669230714285712
Northern Saw-whet Owl,Mammalia [mammals],97.7745055
Common Nighthawk,Insecta [insects],72.26159014999998
Common Nighthawk,Unid. Animalia,27.750000000000004
Black Swift,Insecta [insects],100.02021755714286
Vaux's Swift,Insecta [insects],99.99997345
Anna's Hummingbird,Euchelicerata,2
Anna's Hummingbird,Insecta [insects],97.6
Red-breasted Sapsucker,Chilopoda [centipedes],2
Red-breasted Sapsucker,Insecta [insects],53.87500000000001
Red-breasted Sapsucker,Magnoliopsida [dicots],16.3
Red-breasted Sapsucker,Unid. Animalia,22.075
Red-breasted Sapsucker,Unid. Tracheophyta,5.2
Downy Woodpecker,Insecta [insects],47.46111111111112
Downy Woodpecker,Magnoliopsida [dicots],6.800000000000001
Downy Woodpecker,Unid. Animalia,34.333333333333336
Downy Woodpecker,Unid. Tracheophyta,10.88888888888889
Hairy Woodpecker,Insecta [insects],40.283
Hairy Woodpecker,Magnoliopsida [dicots],5.284
Hairy Woodpecker,Pinopsida [conifers],1.2
Hairy Woodpecker,Unid. Animalia,33.11
Hairy Woodpecker,Unid. Arthropoda,9.6
Hairy Woodpecker,Unid. Plantae,1.13
Hairy Woodpecker,Unid. Tracheophyta,8.8
Northern Flicker,Insecta [insects],32.81284646363636
Northern Flicker,Magnoliopsida [dicots],9.59661810909091
Northern Flicker,Unid. Animalia,22.81818181818182
Northern Flicker,Unid. Arthropoda,18.181818181818183
Northern Flicker,Unid. Plantae,2.809573363636364
Northern Flicker,Unid. Tracheophyta,13.545454545454543
Pileated Woodpecker,Insecta [insects],28.816666666666663
Pileated Woodpecker,Magnoliopsida [dicots],4.533333333333334
Pileated Woodpecker,Unid. Animalia,48.16666666666666
Pileated Woodpecker,Unid. Tracheophyta,18.5
Olive-sided Flycatcher,Insecta [insects],66.16666666666667
Olive-sided Flycatcher,Unid. Animalia,33.333333333333336
Western Wood-Pewee,Insecta [insects],99.115
Willow Flycatcher,Euchelicerata,5.250000000000001
Willow Flycatcher,Insecta [insects],90.50000000000004
Willow Flycatcher,Unid. Animalia,4.25
Hammond's Flycatcher,Euchelicerata,1.4
Hammond's Flycatcher,Insecta [insects],93.7
Hammond's Flycatcher,Unid. Tracheophyta,2.9000000000000004
Pacific-slope Flycatcher,Insecta [insects],99.5
Northern Shrike,Aves [birds],5.819999999999999
Northern Shrike,Insecta [insects],63.64000000000001
Northern Shrike,Mammalia [mammals],29.82
Cassin's Vireo,Euchelicerata,4
Cassin's Vireo,Insecta [insects],92
Cassin's Vireo,Magnoliopsida [dicots],2
Hutton's Vireo,Euchelicerata,2.025
Hutton's Vireo,Insecta [insects],94.59
Hutton's Vireo,Unid. Tracheophyta,1
Warbling Vireo,Insecta [insects],41.833333333333336
Warbling Vireo,Magnoliopsida [dicots],9.02888888888889
Warbling Vireo,Unid. Animalia,42.355555555555554
Warbling Vireo,Unid. Tracheophyta,3.6
Red-eyed Vireo,Insecta [insects],37.103
Red-eyed Vireo,Magnoliopsida [dicots],18.482
Red-eyed Vireo,Unid. Animalia,26.4
Red-eyed Vireo,Unid. Arthropoda,13.6
Red-eyed Vireo,Unid. Tracheophyta,4.1
Steller's Jay,Insecta [insects],17.8
Steller's Jay,Magnoliopsida [dicots],10.285714285714288
Steller's Jay,Unid. Animalia,30.142857142857142
Steller's Jay,Unid. Tracheophyta,41.42857142857143
California Scrub-Jay,Euchelicerata,6.733333333333333
California Scrub-Jay,Insecta [insects],87.5
California Scrub-Jay,Malacostraca [malacostracans],1.8333333333333333
California Scrub-Jay,Unid. Arthropoda,3.033333333333333
Clark's Nutcracker,Mammalia [mammals],3.1
Clark's Nutcracker,Pinopsida [conifers],82.9
Clark's Nutcracker,Unid. Arthropoda,13.3
American Crow,Insecta [insects],10.941904761904764
American Crow,Magnoliopsida [dicots],48.86047619047618
American Crow,Unid. Animalia,14.039047619047622
American Crow,Unid. Arthropoda,6.047619047619048
American Crow,Unid. Plantae,3.2857142857142856
American Crow,Unid. Tracheophyta,16.523809523809526
Northwestern Crow,Bivalvia [bivalves],1.2815255
Northwestern Crow,"Echinoidea [sea urchins, sand dollars, and heart urchins]",7.574997999999999
Northwestern Crow,Euchelicerata,10.067664699999998
Northwestern Crow,Insecta [insects],32.87881719999998
Northwestern Crow,Malacostraca [malacostracans],20.7821701
Northwestern Crow,Polychaeta [polychaete worms],5.279545
Northwestern Crow,Unid. Animalia,4.514394
Northwestern Crow,Unid. Chordata,3.060606
Northwestern Crow,Unid. Mollusca,10.71212
Common Raven,Aves [birds],1.7500000000000002
Common Raven,Euchelicerata,3.35
Common Raven,Insecta [insects],50.596138
Common Raven,Magnoliopsida [dicots],17.596565000000002
Common Raven,Mammalia [mammals],23.85
Common Raven,Reptilia [reptiles],1.4500000000000002
Common Raven,Unid. Chordata,1.05
Horned Lark,Insecta [insects],36.94333333333334
Horned Lark,Magnoliopsida [dicots],35.81666666666667
Horned Lark,Unid. Animalia,5.333333333333333
Horned Lark,Unid. Tracheophyta,21.33333333333333
Purple Martin,Insecta [insects],99.69696445
Tree Swallow,Euchelicerata,2.3
Tree Swallow,Insecta [insects],55.3
Tree Swallow,Magnoliopsida [dicots],22.25
Tree Swallow,Unid. Animalia,20
Violet-green Swallow,Insecta [insects],100.0000002
Northern Rough-winged Swallow,Insecta [insects],100.11370566666665
Cliff Swallow,Insecta [insects],97.1
Cliff Swallow,Unid. Animalia,1.5
Barn Swallow,Insecta [insects],97.61
Barn Swallow,Unid. Animalia,2.333333333333333
Black-capped Chickadee,Insecta [insects],28.99125
Black-capped Chickadee,Magnoliopsida [dicots],5.9875
Black-capped Chickadee,Unid. Animalia,38.87500000000001
Black-capped Chickadee,Unid. Arthropoda,14.875
Black-capped Chickadee,Unid. Tracheophyta,11.125
Chestnut-backed Chickadee,Euchelicerata,1.0000000000000002
Chestnut-backed Chickadee,Insecta [insects],15.85714285714286
Chestnut-backed Chickadee,Magnoliopsida [dicots],5
Chestnut-backed Chickadee,Unid. Animalia,57.97142857142857
Chestnut-backed Chickadee,Unid. Tracheophyta,13.457142857142856
Bushtit,Euchelicerata,2.333333333333333
Bushtit,Insecta [insects],84.63333333333334
Bushtit,Unid. Arthropoda,2.6666666666666665
Red-breasted Nuthatch,Euchelicerata,2.70961145
Red-breasted Nuthatch,Insecta [insects],51.29959095000001
Red-breasted Nuthatch,Magnoliopsida [dicots],15.490797549999998
Red-breasted Nuthatch,Unid. Arthropoda,29
Red-breasted Nuthatch,Unid. Tracheophyta,1.5
Brown Creeper,Euchelicerata,1.9
Brown Creeper,Insecta [insects],54.20000000000001
Brown Creeper,Magnoliopsida [dicots],7.233333333333333
Brown Creeper,Unid. Animalia,33.333333333333336
Brown Creeper,Unid. Arthropoda,3.233333333333334
Bewick's Wren,Euchelicerata,5
Bewick's Wren,Insecta [insects],91
Bewick's Wren,Magnoliopsida [dicots],3
House Wren,Euchelicerata,21.514000000000003
House Wren,Insecta [insects],49.716
House Wren,Magnoliopsida [dicots],3.71
House Wren,Unid. Arthropoda,24.934999999999995
Marsh Wren,Euchelicerata,5
Marsh Wren,Insecta [insects],83
Marsh Wren,Magnoliopsida [dicots],2
Marsh Wren,Unid. Arthropoda,10
Golden-crowned Kinglet,Euchelicerata,10.928571428571429
Golden-crowned Kinglet,Insecta [insects],41.91428571428572
Golden-crowned Kinglet,Magnoliopsida [dicots],5.257142857142857
Golden-crowned Kinglet,Unid. Animalia,10.357142857142858
Golden-crowned Kinglet,Unid. Arthropoda,26.714285714285715
Golden-crowned Kinglet,Unid. Tracheophyta,4.757142857142858
Ruby-crowned Kinglet,Insecta [insects],36.1
Ruby-crowned Kinglet,Unid. Animalia,34.5
Ruby-crowned Kinglet,Unid. Arthropoda,23
Ruby-crowned Kinglet,Unid. Tracheophyta,4.45
Western Bluebird,Insecta [insects],49.79777777777778
Western Bluebird,Magnoliopsida [dicots],3.844444444444444
Western Bluebird,Unid. Animalia,38.78888888888888
Western Bluebird,Unid. Tracheophyta,5.666666666666667
Townsend's Solitaire,Euchelicerata,1.3425
Townsend's Solitaire,Insecta [insects],12.00125
Townsend's Solitaire,Magnoliopsida [dicots],15.35
Townsend's Solitaire,Unid. Animalia,31.299999999999997
Townsend's Solitaire,Unid. Tracheophyta,38.9875
Swainson's Thrush,Diplopoda [millipedes],4.15
Swainson's Thrush,Insecta [insects],70.50000000000001
Swainson's Thrush,Magnoliopsida [dicots],22.4
Swainson's Thrush,Unid. Arthropoda,1.1
Hermit Thrush,Insecta [insects],17.98909090909091
Hermit Thrush,Magnoliopsida [dicots],17.96272727272727
Hermit Thrush,Unid. Animalia,33.72363636363636
Hermit Thrush,Unid. Arthropoda,18.479090909090907
Hermit Thrush,Unid. Tracheophyta,11.845454545454544
American Robin,Insecta [insects],21.25
American Robin,Magnoliopsida [dicots],22.266666666666666
American Robin,Unid. Animalia,24.70833333333333
American Robin,Unid. Arthropoda,10.833333333333334
American Robin,Unid. Tracheophyta,20.85833333333333
Varied Thrush,Insecta [insects],3.7599999999999993
Varied Thrush,Magnoliopsida [dicots],14.840000000000003
Varied Thrush,Unid. Animalia,20.42
Varied Thrush,Unid. Tracheophyta,61
European Starling,Insecta [insects],16.706789675000003
European Starling,Magnoliopsida [dicots],35.512149225
European Starling,Unid. Animalia,25.31085833333333
European Starling,Unid. Tracheophyta,13.416666666666666
European Starling,Unid. Unknown,7.227272500000001
American Pipit,Diplopoda [millipedes],1.04166665
American Pipit,Insecta [insects],90.84043429999996
American Pipit,Magnoliopsida [dicots],6.961294049999999
Cedar Waxwing,Insecta [insects],9.095
Cedar Waxwing,Magnoliopsida [dicots],46.35679796
Cedar Waxwing,Pinopsida [conifers],15.933304494999998
Cedar Waxwing,Unid. Animalia,2.95
Cedar Waxwing,Unid. Arthropoda,8.075
Cedar Waxwing,Unid. Tracheophyta,17.6
Orange-crowned Warbler,Euchelicerata,6.133333333333333
Orange-crowned Warbler,Insecta [insects],86.66666666666664
Orange-crowned Warbler,Magnoliopsida [dicots],1
Orange-crowned Warbler,Unid. Tracheophyta,5.699999999999999
Yellow Warbler,Euchelicerata,11.90875
Yellow Warbler,Insecta [insects],74.22250000000001
Yellow Warbler,Unid. Animalia,10
Yellow Warbler,Unid. Non-biological,2.5
Yellow-rumped Warbler,Euchelicerata,11.438694638461538
Yellow-rumped Warbler,Insecta [insects],50.49976689999999
Yellow-rumped Warbler,Magnoliopsida [dicots],7.53076923076923
Yellow-rumped Warbler,Unid. Animalia,15.853846153846153
Yellow-rumped Warbler,Unid. Arthropoda,13
Yellow-rumped Warbler,Unid. Tracheophyta,1.7461538461538462
Black-throated Gray Warbler,Unid. Animalia,100
Townsend's Warbler,Insecta [insects],94.75
Townsend's Warbler,Unid. Tracheophyta,3.95
Hermit Warbler,Unid. Animalia,90.6
Hermit Warbler,Unid. Non-biological,1.5
Hermit Warbler,Unid. Tracheophyta,7.9
Palm Warbler,Insecta [insects],99.99999995
MacGillivray's Warbler,Euchelicerata,2.25
MacGillivray's Warbler,Insecta [insects],39.75000000000001
MacGillivray's Warbler,Unid. Animalia,50
MacGillivray's Warbler,Unid. Tracheophyta,7.049999999999999
Common Yellowthroat,Euchelicerata,12.356681266666664
Common Yellowthroat,Insecta [insects],87.30998513333333
Wilson's Warbler,Insecta [insects],76.5
Wilson's Warbler,Magnoliopsida [dicots],4.5
Wilson's Warbler,Unid. Animalia,15.95
Wilson's Warbler,Unid. Tracheophyta,2.083333333333333
Western Tanager,Insecta [insects],66.075
Western Tanager,Unid. Animalia,23.75
Western Tanager,Unid. Tracheophyta,8.925
Spotted Towhee,Insecta [insects],5.499999999999999
Spotted Towhee,Magnoliopsida [dicots],12.1
Spotted Towhee,Unid. Animalia,17.666666666666668
Spotted Towhee,Unid. Tracheophyta,49.5
Chipping Sparrow,Insecta [insects],22.7125
Chipping Sparrow,Magnoliopsida [dicots],6.75
Chipping Sparrow,Unid. Animalia,20.625
Chipping Sparrow,Unid. Arthropoda,7.875
Chipping Sparrow,Unid. Tracheophyta,41.5125
Savannah Sparrow,Gastropoda [gastropods],1.2983333333333331
Savannah Sparrow,Insecta [insects],9.06
Savannah Sparrow,Magnoliopsida [dicots],19.131666666666664
Savannah Sparrow,Malacostraca [malacostracans],3.7783333333333338
Savannah Sparrow,Unid. Animalia,22.5
Savannah Sparrow,Unid. Tracheophyta,44.16666666666666
Fox Sparrow,Insecta [insects],14.000000000000002
Fox Sparrow,Magnoliopsida [dicots],1
Fox Sparrow,Unid. Tracheophyta,85
Song Sparrow,Insecta [insects],24.004490245454544
Song Sparrow,Magnoliopsida [dicots],17.99709238181818
Song Sparrow,Unid. Animalia,9.818181818181818
Song Sparrow,Unid. Tracheophyta,26.545454545454547
Lincoln's Sparrow,Insecta [insects],8.75
Lincoln's Sparrow,Magnoliopsida [dicots],16.25
Lincoln's Sparrow,Unid. Animalia,23.25
Lincoln's Sparrow,Unid. Tracheophyta,51.74999999999999
Swamp Sparrow,Insecta [insects],9.64
Swamp Sparrow,Magnoliopsida [dicots],10.36
Swamp Sparrow,Unid. Animalia,32.4
Swamp Sparrow,Unid. Tracheophyta,47.6
White-throated Sparrow,Insecta [insects],9.842857142857143
White-throated Sparrow,Magnoliopsida [dicots],8.871428571428572
White-throated Sparrow,Unid. Animalia,16.57142857142857
White-throated Sparrow,Unid. Arthropoda,20.714285714285715
White-throated Sparrow,Unid. Tracheophyta,43.99999999999999
White-crowned Sparrow,Insecta [insects],13.988032414285714
White-crowned Sparrow,Magnoliopsida [dicots],13.157142857142858
White-crowned Sparrow,Unid. Animalia,9.428571428571429
White-crowned Sparrow,Unid. Tracheophyta,54.41196759999999
Golden-crowned Sparrow,Magnoliopsida [dicots],24.775
Golden-crowned Sparrow,Unid. Animalia,1.25
Golden-crowned Sparrow,Unid. Tracheophyta,73.75
Dark-eyed Junco,Insecta [insects],13.468750000000002
Dark-eyed Junco,Magnoliopsida [dicots],13.9625
Dark-eyed Junco,Unid. Animalia,16.349999999999998
Dark-eyed Junco,Unid. Arthropoda,11.14375
Dark-eyed Junco,Unid. Non-biological,1.11875
Dark-eyed Junco,Unid. Tracheophyta,44.05625
Lapland Longspur,Insecta [insects],24.20385675
Lapland Longspur,Unid. Animalia,3.25
Lapland Longspur,Unid. Tracheophyta,71.75
Snow Bunting,Unid. Animalia,4.5
Snow Bunting,Unid. Tracheophyta,95.5
Black-headed Grosbeak,Insecta [insects],54.52083333333334
Black-headed Grosbeak,Magnoliopsida [dicots],6.666666666666667
Black-headed Grosbeak,Unid. Animalia,20.28333333333333
Black-headed Grosbeak,Unid. Tracheophyta,17.41354166666667
Lazuli Bunting,Unid. Animalia,41.5
Lazuli Bunting,Unid. Tracheophyta,58.5
Red-winged Blackbird,Euchelicerata,6.992
Red-winged Blackbird,Insecta [insects],68.05998902000002
Red-winged Blackbird,Magnoliopsida [dicots],8.173
Red-winged Blackbird,Malacostraca [malacostracans],1.09
Red-winged Blackbird,Unid. Arthropoda,2.0685960000000003
Red-winged Blackbird,Unid. Non-biological,12.336
Western Meadowlark,Insecta [insects],62.59
Western Meadowlark,Magnoliopsida [dicots],25.677777777777777
Western Meadowlark,Unid. Animalia,8.206666666666669
Western Meadowlark,Unid. Tracheophyta,2.6000000000000005
Yellow-headed Blackbird,Insecta [insects],69.22478215
Yellow-headed Blackbird,Magnoliopsida [dicots],23.273273250000003
Yellow-headed Blackbird,Unid. Arthropoda,5.829905
Yellow-headed Blackbird,Unid. Unknown,1.371742
Brewer's Blackbird,Insecta [insects],27.43947368421053
Brewer's Blackbird,Magnoliopsida [dicots],47.210526315789465
Brewer's Blackbird,Unid. Animalia,10.910526315789474
Brewer's Blackbird,Unid. Tracheophyta,10.210526315789474
Brown-headed Cowbird,Insecta [insects],3.934615384615384
Brown-headed Cowbird,Magnoliopsida [dicots],58.80499543076922
Brown-headed Cowbird,Unid. Animalia,8.799600384615385
Brown-headed Cowbird,Unid. Tracheophyta,24.923076923076923
Brown-headed Cowbird,Unid. Unknown,3.287712307692308
Bullock's Oriole,Insecta [insects],33.3
Bullock's Oriole,Magnoliopsida [dicots],1.5333333333333332
Bullock's Oriole,Unid. Animalia,45.16666666666666
Bullock's Oriole,Unid. Tracheophyta,4.833333333333334
Pine Grosbeak,Insecta [insects],22.6
Pine Grosbeak,Unid. Animalia,3.6
Pine Grosbeak,Unid. Arthropoda,10.6
Pine Grosbeak,Unid. Tracheophyta,63.19999999999999
Purple Finch,Insecta [insects],23.75
Purple Finch,Magnoliopsida [dicots],23.5
Purple Finch,Unid. Animalia,11.95
Purple Finch,Unid. Arthropoda,21.75
Purple Finch,Unid. Non-biological,4.425
Purple Finch,Unid. Tracheophyta,14.65
House Finch,Magnoliopsida [dicots],19.7
House Finch,Unid. Animalia,3.0800000000000005
House Finch,Unid. Tracheophyta,77.4
Red Crossbill,Unid. Animalia,5.25
Red Crossbill,Unid. Tracheophyta,94.75
Pine Siskin,Insecta [insects],13.6
Pine Siskin,Unid. Animalia,29.600000000000005
Pine Siskin,Unid. Arthropoda,6.4
Pine Siskin,Unid. Tracheophyta,50.4
American Goldfinch,Insecta [insects],11.5
American Goldfinch,Magnoliopsida [dicots],13.571428571428571
American Goldfinch,Unid. Animalia,8.142857142857144
American Goldfinch,Unid. Arthropoda,14.285714285714286
American Goldfinch,Unid. Tracheophyta,49
Evening Grosbeak,Insecta [insects],13.333333333333334
Evening Grosbeak,Unid. Animalia,29.55
Evening Grosbeak,Unid. Arthropoda,3.333333333333333
Evening Grosbeak,Unid. Tracheophyta,53.333333333333336
House Sparrow,Insecta [insects],11.10285714285714
House Sparrow,Magnoliopsida [dicots],68.65523809523809
House Sparrow,Unid. Animalia,4.2595238095238095
House Sparrow,Unid. Tracheophyta,15.652857142857142
Ross's Goose,Magnoliopsida [dicots],21.665
Ross's Goose,Unid. Tracheophyta,78.335
Northern Bobwhite,Insecta [insects],7.664833333333332
Northern Bobwhite,Magnoliopsida [dicots],63.51983333333333
Northern Bobwhite,Unid. Animalia,3.913333333333333
Northern Bobwhite,Unid. Arthropoda,1.2499999999999998
Northern Bobwhite,Unid. Tracheophyta,18.611111111111107
Northern Bobwhite,Unid. Unknown,3.629444444444444
Yellow-billed Loon,Teleostei [teleost fishes],99.34
Clark's Grebe,Insecta [insects],100
American White Pelican,Amphibia [amphibians],30.37666666666667
American White Pelican,Malacostraca [malacostracans],22.956666666666667
American White Pelican,Teleostei [teleost fishes],40.49666666666667
American White Pelican,Unid. Animalia,9.836666666666666
Cattle Egret,Amphibia [amphibians],4.030436834444445
Cattle Egret,Clitellata [clitellates],1.0085555555555556
Cattle Egret,Euchelicerata,8.33222222222222
Cattle Egret,Insecta [insects],77.12723896333331
Cattle Egret,Teleostei [teleost fishes],1.2469999999999997
Cattle Egret,Unid. Animalia,5.355888888888889
Black-crowned Night-Heron,Malacostraca [malacostracans],7.15
Black-crowned Night-Heron,Teleostei [teleost fishes],91.65
Black-crowned Night-Heron,Unid. Chordata,1.35
Red-shouldered Hawk,Amphibia [amphibians],3.62
Red-shouldered Hawk,Aves [birds],6.432219866666666
Red-shouldered Hawk,Insecta [insects],3.09
Red-shouldered Hawk,Mammalia [mammals],39.51061703333333
Red-shouldered Hawk,Reptilia [reptiles],1.6
Red-shouldered Hawk,Unid. Animalia,26.334751766666667
Red-shouldered Hawk,Unid. Chordata,16.995744666666667
Prairie Falcon,Aves [birds],45.03858725
Prairie Falcon,Insecta [insects],2.6375
Prairie Falcon,Mammalia [mammals],42.323913000000005
Prairie Falcon,Unid. Animalia,5.6375
Prairie Falcon,Unid. Chordata,3.25
Black Tern,Insecta [insects],67.5
Black Tern,Malacostraca [malacostracans],3
Black Tern,Unid. Animalia,10.5
Black Tern,Unid. Chordata,19
Great Gray Owl,Aves [birds],2.6866267
Great Gray Owl,Mammalia [mammals],97.20349695000002
Long-eared Owl,Aves [birds],3.572215520754717
Long-eared Owl,Mammalia [mammals],95.84266325471698
Dusky Flycatcher,Insecta [insects],89.80000000000001
Dusky Flycatcher,Unid. Tracheophyta,8.200000000000001
Say's Phoebe,Insecta [insects],96.57
Say's Phoebe,Unid. Arthropoda,2
Western Kingbird,Insecta [insects],90.73666666666668
Western Kingbird,Magnoliopsida [dicots],8.690000000000001
Eastern Kingbird,Insecta [insects],22.2325
Eastern Kingbird,Magnoliopsida [dicots],2.7675
Eastern Kingbird,Unid. Animalia,61
Eastern Kingbird,Unid. Tracheophyta,14.000000000000002
Bank Swallow,Insecta [insects],99
Bank Swallow,Magnoliopsida [dicots],1
White-breasted Nuthatch,Euchelicerata,1
White-breasted Nuthatch,Insecta [insects],23.7
White-breasted Nuthatch,Magnoliopsida [dicots],71.80000000000001
White-breasted Nuthatch,Unid. Animalia,3.5000000000000004
Nashville Warbler,Euchelicerata,12.391666666666667
Nashville Warbler,Insecta [insects],57.34666666666666
Nashville Warbler,Magnoliopsida [dicots],4.333333333333333
Nashville Warbler,Unid. Animalia,12.341666666666669
Nashville Warbler,Unid. Arthropoda,12.083333333333334
Nashville Warbler,Unid. Tracheophyta,1.4166666666666667
Yellow-breasted Chat,Euchelicerata,14.000000000000002
Yellow-breasted Chat,Insecta [insects],86
American Tree Sparrow,Insecta [insects],2.3505555555555557
American Tree Sparrow,Magnoliopsida [dicots],13.476111111111113
American Tree Sparrow,Unid. Animalia,26.03333333333333
American Tree Sparrow,Unid. Tracheophyta,57.68555555555557
Vesper Sparrow,Euchelicerata,1.3182012500000002
Vesper Sparrow,Insecta [insects],48.1539855375
Vesper Sparrow,Magnoliopsida [dicots],41.27781315
Vesper Sparrow,Unid. Non-biological,4.125
Vesper Sparrow,Unid. Unknown,5.875
Harris's Sparrow,Insecta [insects],2
Harris's Sparrow,Magnoliopsida [dicots],67
Harris's Sparrow,Unid. Animalia,6
Harris's Sparrow,Unid. Tracheophyta,25
Rusty Blackbird,Insecta [insects],7.000000000000001
Rusty Blackbird,Magnoliopsida [dicots],10.863636333333334
Rusty Blackbird,Unid. Animalia,48.02020166666667
Rusty Blackbird,Unid. Tracheophyta,21.83333333333333
Rusty Blackbird,Unid. Unknown,11.616161666666668
Common Redpoll,Unid. Tracheophyta,99.66666666666669
Spruce Grouse,Insecta [insects],2.196923076923077
Spruce Grouse,Magnoliopsida [dicots],37.39461538461538
Spruce Grouse,Pinopsida [conifers],57.71230769230768
White-tailed Ptarmigan,Magnoliopsida [dicots],94.1021739130435
White-tailed Ptarmigan,Pinopsida [conifers],1.3695652173913044
American Three-toed Woodpecker,Insecta [insects],94.85
American Three-toed Woodpecker,Magnoliopsida [dicots],4.92
Black-backed Woodpecker,Insecta [insects],28.96333333333333
Black-backed Woodpecker,Magnoliopsida [dicots],3.77
Black-backed Woodpecker,Unid. Arthropoda,67.26666666666667
Mountain Chickadee,Euchelicerata,6.52
Mountain Chickadee,Insecta [insects],87.46
Mountain Chickadee,Unid. Unknown,4.35
Mountain Bluebird,Euchelicerata,7.11092435
Mountain Bluebird,Insecta [insects],87.8281513
Mountain Bluebird,Unid. Animalia,5.01092435
Veery,Diplopoda [millipedes],5.233333333333333
Veery,Euchelicerata,5.666666666666667
Veery,Insecta [insects],72.2
Veery,Magnoliopsida [dicots],12.866666666666667
Veery,Unid. Arthropoda,1.4333333333333336
Veery,Unid. Mollusca,1.3333333333333333
American Redstart,Euchelicerata,3.28
American Redstart,Insecta [insects],96
White-winged Crossbill,Insecta [insects],6
White-winged Crossbill,Unid. Animalia,7.000000000000001
White-winged Crossbill,Unid. Arthropoda,19
White-winged Crossbill,Unid. Tracheophyta,68
Boreal Owl,Aves [birds],7.1
Boreal Owl,Insecta [insects],4.75
Boreal Owl,Mammalia [mammals],87.39997550000001
Lewis's Woodpecker,Insecta [insects],12.625976333333334
Lewis's Woodpecker,Magnoliopsida [dicots],20.690691
Lewis's Woodpecker,Unid. Animalia,26.33333333333333
Lewis's Woodpecker,Unid. Tracheophyta,40.333333333333336
Rock Wren,Insecta [insects],98.67089952499998
Chukar,Insecta [insects],10.283333333333331
Chukar,Magnoliopsida [dicots],87.83333333333333
Chukar,Mammalia [mammals],1.3333333333333333
Gray Partridge,Insecta [insects],1.5171428571428571
Gray Partridge,Magnoliopsida [dicots],52.432857142857145
Gray Partridge,Unid. Animalia,1.2142857142857142
Gray Partridge,Unid. Non-biological,17.405714285714286
Gray Partridge,Unid. Tracheophyta,27.357142857142858
Dusky Grouse,Insecta [insects],5.888000000000004
Dusky Grouse,Magnoliopsida [dicots],40.062
Dusky Grouse,Pinopsida [conifers],13.999
Dusky Grouse,Unid. Animalia,1.4
Dusky Grouse,Unid. Tracheophyta,38.636
Flammulated Owl,Chilopoda [centipedes],2
Flammulated Owl,Diplopoda [millipedes],1
Flammulated Owl,Euchelicerata,1
Flammulated Owl,Insecta [insects],88
Flammulated Owl,Unid. Arthropoda,8
Common Poorwill,Insecta [insects],100
Acorn Woodpecker,Insecta [insects],28.07921783333333
Acorn Woodpecker,Magnoliopsida [dicots],69.42276516666668
Acorn Woodpecker,Unid. Plantae,1.628891
Williamson's Sapsucker,Insecta [insects],88.94999999999999
Williamson's Sapsucker,Magnoliopsida [dicots],10.375
White-headed Woodpecker,Euchelicerata,4.0802007
White-headed Woodpecker,Insecta [insects],87.99479915000002
White-headed Woodpecker,Magnoliopsida [dicots],7.399999999999999
Least Flycatcher,Euchelicerata,5.022
Least Flycatcher,Insecta [insects],79.164
Least Flycatcher,Magnoliopsida [dicots],11.014
Least Flycatcher,Unid. Animalia,4.8
Ash-throated Flycatcher,Insecta [insects],95.4022472
Ash-throated Flycatcher,Magnoliopsida [dicots],3.92
Loggerhead Shrike,Aves [birds],5.6923076923076925
Loggerhead Shrike,Euchelicerata,3.5384615384615383
Loggerhead Shrike,Insecta [insects],67.38461538461539
Loggerhead Shrike,Mammalia [mammals],12.76923076923077
Loggerhead Shrike,Unid. Chordata,4.153846153846154
Black-billed Magpie,Insecta [insects],13.41285714285714
Black-billed Magpie,Magnoliopsida [dicots],19.911428571428576
Black-billed Magpie,Mammalia [mammals],2.994285714285714
Black-billed Magpie,Unid. Animalia,40.59142857142857
Black-billed Magpie,Unid. Arthropoda,1.5357142857142858
Black-billed Magpie,Unid. Tracheophyta,19.857142857142858
Pygmy Nuthatch,Euchelicerata,1
Pygmy Nuthatch,Insecta [insects],81
Pygmy Nuthatch,Magnoliopsida [dicots],18
Canyon Wren,Euchelicerata,9.047619033333334
Canyon Wren,Insecta [insects],90.952381
Gray Catbird,Insecta [insects],14.871428571428572
Gray Catbird,Magnoliopsida [dicots],27.842857142857145
Gray Catbird,Unid. Animalia,23.285714285714285
Gray Catbird,Unid. Tracheophyta,33.857142857142854
Brewer's Sparrow,Insecta [insects],55.2
Brewer's Sparrow,Magnoliopsida [dicots],19.8
Brewer's Sparrow,Unid. Non-biological,16
Brewer's Sparrow,Unid. Unknown,9.4
Lark Sparrow,Insecta [insects],27
Lark Sparrow,Magnoliopsida [dicots],73
Lesser Goldfinch,Magnoliopsida [dicots],19.56
Lesser Goldfinch,Unid. Animalia,2
Lesser Goldfinch,Unid. Tracheophyta,78
Sharp-tailed Grouse,Insecta [insects],9.328571428571427
Sharp-tailed Grouse,Magnoliopsida [dicots],61.260714285714286
Sharp-tailed Grouse,Unid. Animalia,1.9285714285714288
Sharp-tailed Grouse,Unid. Tracheophyta,26.642857142857142
Swainson's Hawk,Amphibia [amphibians],1.8343499214285717
Swainson's Hawk,Aves [birds],13.714775485714286
Swainson's Hawk,Insecta [insects],9.318471764285716
Swainson's Hawk,Mammalia [mammals],51.52262398571428
Swainson's Hawk,Reptilia [reptiles],12.956482157142856
Swainson's Hawk,Unid. Animalia,10.531868128571428
American Avocet,Unid. Animalia,64.00000000000001
American Avocet,Unid. Tracheophyta,36
Boreal Chickadee,Insecta [insects],22.5
Boreal Chickadee,Unid. Arthropoda,71
Boreal Chickadee,Unid. Chordata,3.5000000000000004
Boreal Chickadee,Unid. Tracheophyta,3
Northern Waterthrush,Clitellata [clitellates],1.02
Northern Waterthrush,Euchelicerata,4.08
Northern Waterthrush,Gastropoda [gastropods],1.34
Northern Waterthrush,Insecta [insects],90.1
Northern Waterthrush,Malacostraca [malacostracans],1.22
Grasshopper Sparrow,Euchelicerata,1.431818181818182
Grasshopper Sparrow,Insecta [insects],58.7
Grasshopper Sparrow,Magnoliopsida [dicots],11.71818181818182
Grasshopper Sparrow,Unid. Animalia,13.70909090909091
Grasshopper Sparrow,Unid. Tracheophyta,13.636363636363637
Bobolink,Insecta [insects],11.720000000000002
Bobolink,Magnoliopsida [dicots],28.070000000000004
Bobolink,Unid. Animalia,34.6
Bobolink,Unid. Tracheophyta,25.4
Ferruginous Hawk,Aves [birds],9.893140745
Ferruginous Hawk,Insecta [insects],4.121923075
Ferruginous Hawk,Mammalia [mammals],81.98394044000003
Ferruginous Hawk,Reptilia [reptiles],3.434619885
Blue Jay,Insecta [insects],3
Blue Jay,Magnoliopsida [dicots],9.75
Blue Jay,Unid. Animalia,17.7375
Blue Jay,Unid. Arthropoda,24
Blue Jay,Unid. Plantae,8.512500000000001
Blue Jay,Unid. Tracheophyta,37.00000000000001
Greater Sage-Grouse,Hydrozoa [hydrozoans],1.198717948717949
Greater Sage-Grouse,Insecta [insects],8.075128205128205
Greater Sage-Grouse,Magnoliopsida [dicots],82.7011282051282
Greater Sage-Grouse,Unid. Tracheophyta,9.717948717948715
White-faced Ibis,Clitellata [clitellates],2.162857142857143
White-faced Ibis,Gastropoda [gastropods],37.50714285714286
White-faced Ibis,Insecta [insects],30.788571428571423
White-faced Ibis,Unid. Animalia,1.8571428571428568
White-faced Ibis,Unid. Arthropoda,27.571428571428577
Burrowing Owl,Aves [birds],1.0611111111111111
Burrowing Owl,Euchelicerata,2.055555555555556
Burrowing Owl,Insecta [insects],76.01111111111112
Burrowing Owl,Mammalia [mammals],14.561111111111112
Burrowing Owl,Unid. Animalia,5.050000000000001
Northern Mockingbird,Insecta [insects],14.13714285714286
Northern Mockingbird,Magnoliopsida [dicots],19.97
Northern Mockingbird,Unid. Animalia,32.112857142857145
Northern Mockingbird,Unid. Plantae,7.455714285714286
Northern Mockingbird,Unid. Tracheophyta,25.428571428571423
Tricolored Blackbird,Insecta [insects],50.59166666666667
Tricolored Blackbird,Magnoliopsida [dicots],29.89166666666667
Tricolored Blackbird,Unid. Animalia,15.058333333333332
Tricolored Blackbird,Unid. Mollusca,1.7083333333333333
Tricolored Blackbird,Unid. Non-biological,2.333333333333333
